"ID","pval","fdr","RD_Dam_1","RD_Dam_2","RD_Dam_3","RD_Dam_4","RD_Dam_5","HFD_Dam_A1","HFD_Dam_A2","HFD_Dam_A3","HFD_Dam_A4","HFD_Dam_B1","HFD_Dam_B2","HFD_Dam_B3","HFD_Dam_B4","Male_MRD_A1","Male_MRD_A2","Male_MRD_A3","Male_MRD_B1","Male_MRD_B2","Male_MRD_B3","Male_MRD_B4","Female_MRD_A2","Female_MRD_A3","Female_MRD_B2","Female_MRD_B3","Female_MRD_B4","MAle_MHFD_A1","MAle_MHFD_A2","MAle_MHFD_A3","Male__MHFD_B1","Male_MHFD_B2","Male_MHFD_B3","Male_MHFD_B4","Female__MHFD_A1","Female__MHFD_A2","Female_MHFD_A3","Female__MHFD_B1","Female__MHFD_B2","Female__MHFD_B3","Female__MHFD_B4"
NA,NA,NA,"RDDam","RDDam","RDDam","RDDam","RDDam","HFDDam","HFDDam","HFDDam","HFDDam","HFDDam","HFDDam","HFDDam","HFDDam","MaleMRD","MaleMRD","MaleMRD","MaleMRD","MaleMRD","MaleMRD","MaleMRD","FemMRD","FemMRD","FemMRD","FemMRD","FemMRD","MaleMHFD","MaleMHFD","MaleMHFD","MaleMHFD","MaleMHFD","MaleMHFD","MaleMHFD","FemMHFD","FemMHFD","FemMHFD","FemMHFD","FemMHFD","FemMHFD","FemMHFD"
"Glycine","0.000163221501745207","0.0011124001207642","-1.15936155265648","-1.08309421384734","-1.22785925144247","-1.22401346977953","-1.29677998378889","-1.47265891863694","-1.36194054017139","-1.48871112713832","-1.42950523947392","-1.21600606036156","-1.57452824116571","-1.43056134458119","-1.43450303989609","-1.31138322761467","-1.00371429067695","-1.03168725437088","-1.06079540097208","-1.21990669775167","-1.16553741289207","-1.36139789426933","-1.04636634088004","-0.960164513324589","-1.06765438815442","-1.09222239583401","-1.18328372367495","-1.31112972856734","-1.22878615617204","-1.08690792997758","-1.09146758900457","-1.02649450510562","-1.30020127303979","-1.33004542073278","-1.04032429623204","-1.29911453255634","-1.13982479910187","-1.18280253334947","-1.36003643138509","-1.20372418307747","-1.44923846522003"
"Histidine","0.000193460890567687","0.0011124001207642","0.535218456407253","0.50448197538524","0.51698075463561","0.41168726831254","0.502762821725762","0.581308983604465","0.621255466571193","0.655711978579011","0.540122467622016","0.573264709282708","0.637559373605865","0.57473879990685","0.519615392166752","0.493581782181536","0.507196847499219","0.503217023925091","0.536603527743864","0.451737234476547","0.523567661908107","0.396477646618166","0.494408409261955","0.486434760531432","0.338395837924667","0.556323126876635","0.467878003781395","0.273894576635164","0.384375644410767","0.471289099207847","0.55288948557153","0.455267653546786","0.388882862874997","0.418502709480643","0.425590493658855","0.437047546280106","0.429753928233452","0.542907045559102","0.306093319993788","0.433674715722423","0.373172708201701"
"Lysine","0.000113892765418745","0.0011124001207642","1.10866736590984","1.09010836364127","1.15312197434879","1.07155864599015","1.19987254382754","1.24055940482641","1.34929804934982","1.20283676607235","1.08987040253715","1.2189870762205","1.3255154567251","1.3348614511631","1.10366748846806","1.21879041247715","1.22081857152262","1.08226613235309","1.07125539111043","1.0583361131093","1.16273471690422","1.08262129772118","1.05813046396164","1.07786873443497","0.991816805023961","1.1855602517677","0.994281096587611","0.873283081360274","1.05182609582959","1.01810957886501","1.08758286877736","0.942343689884823","1.01736698286949","1.04235876055775","1.07113070165594","1.01690198313119","1.02578907289989","1.21106547327977","0.855189630983541","0.981878731987524","1.02406831418521"
"Tryptophan","8.52861160507935e-05","0.0011124001207642","1.14849263774814","1.12563821333543","1.17884771816942","1.12293774458209","1.21982779570003","1.2913434204129","1.42263630680677","1.29772747201669","1.31485988237547","1.27595847251318","1.37619131015173","1.53323277093505","1.20830146533044","1.28967107926898","1.31033620112357","1.09369126002674","0.992679630040887","0.980526009719639","1.14292318272189","1.08975696172437","1.17205840107669","1.10297398186103","0.993173660732999","1.23844784681948","1.09492231741454","0.994607766683615","1.11797909866712","1.06155290825569","1.0737770615855","1.02533678362725","1.15486664251729","1.14882645580357","1.19675642186982","1.11583243490391","1.15654930859981","1.1999409656567","0.997347717937529","1.07190078958624","1.23530002357578"
"Methionine","0.000628491372745426","0.00289106031462896","0","-0.090593557947194","-0.0949788364054026","-0.17205920199898","-0.164429528005823","-0.146304358340352","-0.292733815805489","-0.18603728613456","-0.129430765388384","-0.311948763894091","-0.289344916967443","-0.222121509319864","-0.191622241467672","-0.171064220487062","-0.0512634786526623","-0.0899561032629073","-0.206615294591213","-0.163129463715853","-0.134583159904184","-0.150670077647887","-0.0647137226016792","-0.0948055859221629","-0.130575872942464","-0.126700915214392","-0.028666218212569","-0.134346917364879","-0.0939469970656517","-0.108036935895452","-0.128074931259702","-0.135497992293829","-0.0900358347279626","-0.0808196885064649","-0.0828283777013642","-0.139762304337925","-0.121777327351437","-0.190478646189395","-0.156096398557538","-0.123073023295703","-0.0675791130240112"
"Arginine","0.000995527144397344","0.00336155546065101","0.723688697073994","0.669190447974353","0.719926058351845","0.580817334737404","0.714403663809615","0.607799018226802","0.659630044272603","0.670227725977868","0.603219501943935","0.567610289997645","0.655187403747794","0.650669271303737","0.473981011967248","0.747003363119453","0.81045709753269","0.75029938324084","0.68402868891093","0.538789379382458","0.660624775314468","0.558867844627239","0.578504969653343","0.651781068363394","0.515522019181851","0.639402215508595","0.620937979965003","0.48030923046949","0.533807557148802","0.568568212581003","0.599217300614957","0.536840756398229","0.557311211157607","0.57978747429076","0.586012891006336","0.536577952336311","0.590691387075082","0.578298711824857","0.459642963602857","0.533982763067191","0.515196244365496"
"Valine","0.00102308209671987","0.00336155546065101","0.33038046423802","0.25671361389504","0.232669863411064","0.237260973677621","0.181511203264337","0.382077477243643","0.328944393377336","0.438378683939345","0.435996720214142","0.31955986629674","0.336900796573656","0.498194174057371","0.391879386372491","0.235464076278354","0.35925413665722","0.349007757358503","0.236612420317669","0.273312218109519","0.270473636031756","0.233906196764986","0.341363985516275","0.321355999148388","0.265310306316099","0.403119043034163","0.390471626929497","0.261131427855987","0.30183376139897","0.285739079838831","0.285447840043055","0.209129133854329","0.313776838400613","0.32048604466478","0.306464531243065","0.254668124427504","0.298336198782511","0.355115172923973","0.318080225802748","0.275141590274171","0.482668272644208"
"Glutamine","0.00204587651865803","0.00535068239886947","0.922010886591284","0.91489357443972","0.933685631735314","0.833507931882719","0.996162575931594","1.02748142375313","1.16505017459138","1.00211230897462","0.901758827127395","1.03915007992338","1.13337948143645","1.14722276084986","0.91446300835991","1.04092200585216","1.03456862823872","0.923515416098191","0.928839151846675","0.905125534530005","0.996003764586377","0.898209945018221","0.900502384448873","0.926515785135573","0.83703293249254","1.03736263982538","0.851257066181659","0.704185714495065","0.891179682986399","0.886018048740859","0.923238314788583","0.807756558222156","0.856232358127676","0.873921086653501","0.926726460540618","0.839623915838293","0.8756577458143","1.06331594938609","0.705340821574079","0.855815868335827","0.898883977346577"
"Tyrosine","0.00209374528651414","0.00535068239886947","-0.331150711035574","-0.380420246802091","-0.348540584873736","-0.462231147372767","-0.399506090971538","-0.322483690417746","-0.228240371988576","-0.181191094495491","-0.209890529922949","-0.288959101329314","-0.384756937107107","-0.244165911614272","-0.328041623138971","-0.374969165605559","-0.277837375129222","-0.248627838958585","-0.471133797297854","-0.454940235802791","-0.322448592112322","-0.429135998647277","-0.413082557134743","-0.397343134199206","-0.47061641564231","-0.336441079483489","-0.397923884274884","-0.366113071824815","-0.364872345811756","-0.170198608604944","-0.374541649323448","-0.200696805066702","-0.249406550345015","-0.316708902793205","-0.389789153758219","-0.479075054413773","-0.448200873753892","-0.441012110693077","-0.461199129455269","-0.353842123789473","-0.313640968121576"
"Homoserine/Threonine","0.00366823854192918","0.00843694864643712","-0.114899715599627","-0.0925763392363828","-0.075512068834584","-0.188843308956238","-0.158308408894028","-0.0365232592876178","-0.0732029664927371","-0.0190178265698561","-0.00825266632567291","-0.090656520463742","-0.0328394251148362","0","-0.019376582072214","-0.148715385077486","0","-0.0422718955282617","-0.146769485632079","-0.184468791760369","-0.147782865959218","-0.178455979670213","-0.0679616830191228","-0.0696340191898779","-0.161689410215205","-0.155139793447187","-0.067002991643908","-0.155923037395549","-0.0984800765740979","-0.118824240860486","-0.133310381774515","-0.154950726176385","-0.140676747097606","-0.161637661165948","-0.0795353450117254","-0.203023185660362","-0.0951110604082026","-0.141560210796691","-0.149002851501544","-0.0863347391923328","-0.0367893098294363"
"Phenyl alanine","0.0069567994036807","0.0145460351167869","1.14609866233315","1.10737757096556","1.12124248055384","1.07082204001234","1.18286823085627","1.25037027981932","1.33071213821891","1.26126299608364","1.12849473099901","1.2250284872645","1.32771205001026","1.37929166068357","1.10081542000679","1.22794083925397","1.21844107632208","1.1225452116092","1.05300690879806","1.09747416934267","1.1651150111579","1.11695856414217","1.10298347648001","1.09080797774828","1.04907468804063","1.26095799012182","1.102610274903","0.976440955273965","1.10470423093489","1.08434846097734","1.13087874278738","1.05457389778507","1.12121630803534","1.15087924188978","1.10860266663664","1.04018242977167","1.10780965589619","1.21288571474335","0.923942714210984","1.01012186587453","1.25668896441305"
"Alanine","0.0106412553991513","0.0188268364754215","-0.349839004903928","-0.361183992090478","-0.41455260213881","-0.490318009919123","-0.383327423493085","-0.532246464096006","-0.63933433540495","-0.626860615892184","-0.573555081784076","-0.496466615072107","-0.638058720853987","-0.578759585147949","-0.514160240359378","-0.547489872298789","-0.152078141881521","-0.387889874211679","-0.369907206824139","-0.422657122488185","-0.454077224859677","-0.539932662655826","-0.438646725977506","-0.398041882016893","-0.470086671959758","-0.343408844305913","-0.462737930668627","-0.529933597203276","-0.368772346657908","-0.423812231635825","-0.353115611566467","-0.395479701654982","-0.561204215229224","-0.608533590815369","-0.384646331788907","-0.570212449214177","-0.460436174521854","-0.336026732675498","-0.53540032573852","-0.491905928422463","-0.624155820401481"
"Glutaric acid","0.0103962446691124","0.0188268364754215","-1.15338018646004","-1.28938587605793","-1.33267583652773","-1.39580014981573","-1.18864729956567","-1.26184798859857","-1.18667893357483","-1.3305700848266","-1.43605608212751","-0.92896230806199","-1.22076654439191","-0.983072320997861","-1.31167430080562","-1.29693798932768","-1.10830316717434","-1.11503763357455","-1.22120449299034","-1.30410916343596","-1.46265000671586","-1.57878457383261","-1.06320193421105","-0.936544601343487","-1.00343992605058","-0.85313186088678","-1.04358351152755","-1.22517582512555","-1.14605907351307","-0.947579831346138","-1.28729619230617","-1.09014631717978","-1.32641984364951","-1.23837822546312","-1.27436695587815","-1.15931235537601","-1.22027573129814","-0.788577158613363","-1.04033267311611","-1.02019630404581","-1.17277763103266"
"Citrulline","0.0236503378959126","0.038854126543285","0.198641781838525","0.236523693534371","0.154478421902321","0.126653094586172","0.203317796460741","0.0543151556296642","0.175119672011094","0.048344493383004","0.0433133696452876","0.128922438736309","0.124768037905676","0.119113397742476","0","0.185319070331291","0.325450338516741","0.183234438430995","0.174538176668044","0.0944591972452452","0.121044286429781","0.0910645191924609","0.154070566047326","0.162910928090294","0.0928177385839912","0.190136006315057","0.173235345722899","0","0.0887306794440142","0.14865247319873","0.162039183306222","0.135009421105747","0.0838473843498852","0.126118503449724","0.163796064258526","0.104040977341375","0.107736966073144","0.171811253293179","0.053191720520286","0.0931583993266326","0.121949162253659"
"Asparagine","0.03173786462106","0.0456231803927738","-0.57028199857302","-0.494464749533573","-0.429710332782027","-0.442071692573472","-0.476261831717433","-0.554468958803907","-0.575000205991795","-0.555661750416689","-0.519435623511998","-0.605381967380013","-0.662318805250887","-0.658617939581014","-0.530464474144727","-0.50619822725234","-0.369780214296356","-0.477781135398564","-0.464271248350931","-0.564585077047183","-0.472454757768664","-0.499766368272576","-0.482645261838781","-0.467934035334232","-0.578019168561732","-0.549197005699825","-0.490458926669608","-0.519643904725166","-0.597880896741358","-0.424587626648676","-0.592700308837381","-0.352890187712821","-0.551922134025743","-0.539662313410806","-0.498526344840082","-0.447726704334793","-0.504475011451679","-0.505095735610501","-0.541894521170367","-0.499527468465628","-0.561256968114377"
"Isoleucine/Leucine","0.0305226983387108","0.0456231803927738","1.44604667912508","1.38396449188079","1.45578464199225","1.43228244060497","1.49493473109198","1.55622160058904","1.67297369114733","1.6156890354258","1.51911125249582","1.54663513762163","1.68506077483191","1.76423427574246","1.47743418093123","1.5769669891254","1.57227956513441","1.48442418490034","1.3861812021559","1.47111943366694","1.54246309253411","1.50426437294787","1.45962036968634","1.44731048657382","1.34567155710248","1.59612241032191","1.44534575747016","1.39480719187902","1.51369057887113","1.42340910225478","1.52507614080342","1.36199932554571","1.547380914081","1.60386758470204","1.50603190981483","1.40676714803263","1.45075466601448","1.61274414455331","1.35373660950816","1.37750335733553","1.68224405756249"
"Cystine","0.201229435808753","0.272251589623607","-0.0751093795750745","-0.0454825084501433","-0.225956481684222","-0.140128778824135","-0.0400473775508677","-0.365663270220372","-0.0984744706761871","-0.2302307540353","-0.364691024350754","0","-0.322496285539233","-0.312056241170643","-0.14751548110274","0.079898252606428","-0.000974401624626468","-0.13183608599865","0","0.172411194016576","-0.00252983167074546","-0.247099180876948","-0.202424756319049","0","-0.243222898937171","-0.00187591972420299","-0.262552114184939","0.0467864193592975","0.275685063764302","-0.218441612819376","-0.0389608603207664","-0.302512497666793","-0.356461274202541","-0.208882878389958","-0.116640003048642","-0.433538769889255","-0.163290083730294","-0.00776801002376213","-0.411342313533845","0","-0.156992152090251"
"Betaine","0.336906685339065","0.430491875711027","0.595321586986504","0.635970730735037","0.43448137453017","0.514879825316358","0.483980133234958","0.518919871209213","0.792593228744985","0.708267371606136","0.443174494810891","0.762558973071318","0.554979137000118","0.636622745305703","0.348648806028787","0.508085613355742","0.689083486229512","0.654087057608217","0.639392128540323","0.603130802677447","0.631894865046541","0.512229788452908","0.655347200411921","0.657326579636857","0.560566201014447","0.715796391698346","0.519924717469093","0.568182195154197","0.732547750381534","0.927658506953087","0.691537279871436","0.893681597579057","0.534305380614108","0.518321846996818","0.662715002400144","0.536620288915122","0.572419305299286","0.753867077229383","0.543757581203354","0.688289598126978","0.609905819398552"
"Aspartic acid","0.433848258836198","0.498925497661628","-1.00199294915507","-0.738766320766256","-0.875904004449574","-0.839967818364112","-1.05654086058225","-0.89045359541146","-0.781560483372773","-0.808955179915334","-0.833828539809836","-0.813001031290148","-0.85190549459723","-0.892200773936476","-1.00564254993083","-0.882854393895248","-0.751319711747494","-0.690661172859453","-0.654616509038251","-0.832679646631938","-0.839325966331332","-0.99607746965442","-0.713871180789752","-0.634414613440775","-0.840238419721759","-0.714878172179926","-0.853781290296183","-0.864854822074099","-0.738994110431036","-0.693529398960787","-0.753653519276695","-0.705300484011263","-1.0458281546177","-0.970547607790244","-0.74308320982971","-0.895942450639943","-0.719666970916764","-0.816893097941524","-0.807645635993027","-0.706542932260846","-1.10902465072808"
"Glutamic acid","0.413882153611684","0.498925497661628","-0.431452319594899","-0.333654829200131","-0.453250717694605","-0.464656395888285","-0.502958779615742","-0.445228727948361","-0.255042911176921","-0.391274148380696","-0.439376064975651","-0.283491586400787","-0.312260973738145","-0.400651742219916","-0.574705110888039","-0.369941857919246","-0.222622041108577","-0.310605292294219","-0.306671975724608","-0.43542269545191","-0.385031767526669","-0.560221483643583","-0.353065272799994","-0.293549217800544","-0.453825107843943","-0.262680201402765","-0.461213418291021","-0.488569020845593","-0.343838070850745","-0.298560326510645","-0.356129807947142","-0.366243378743647","-0.569900807615608","-0.597158769362055","-0.366625774804613","-0.547984014919461","-0.388688433871738","-0.33180747827026","-0.550197034994242","-0.423885515016359","-0.706075285747201"
"Proline","0.483618747517955","0.529677675852998","0.0022061326483289","0","0","0","0","0","0","0.128594473929926","0","-0.143449928760814","0","-0.0396188711911772","0.0285777453423189","-1.20261887767857e-05","-0.0267266093696352","0","-0.0343275455359041","-0.0985286277310019","0","0","0","-0.0206347294473215","0","0","0","0.0174245357869351","-0.000507714875220316","0","0","0","0.038527398003894","0.117509415760475","0","0","0","0","0","-0.000804257560193168","0.105500961637087"
"Ornithine","0.565304106666283","0.590999747878387","-0.237308819740048","-0.257190475851069","-0.260925762472885","-0.29377418626452","-0.337448881639035","-0.297636855486721","-0.159875022387649","-0.196727284338463","-0.417281965458398","-0.352227553751881","-0.253281574410319","-0.254728653950695","-0.492243355506622","-0.345444027410078","-0.293806694666777","-0.285008266856723","-0.216052979468487","-0.354200642427282","-0.278399029550239","-0.328001823290174","-0.269502627121699","-0.2485363191248","-0.28000762728879","-0.308360313309569","-0.223930088445645","-0.462939553530719","-0.396375484029418","-0.246853412167493","-0.267253823951507","-0.279655988415894","-0.35399199280674","-0.362228365301616","-0.36108111305127","-0.318901539838153","-0.301571334326723","-0.318753825333855","-0.248497293333408","-0.273484379757912","-0.268447381348149"
"Serine","0.944590345552732","0.944590345552732","-0.0311728164139905","0.0302532479412368","0.114818594514416","0.0281522686568023","0.0462035785203948","0.0595846091905868","0.0943614640429773","0","0.0142397193481332","0.0441944275018969","0.0330762964974009","0.120097742346397","0.0225973073003734","0","0.146699806599875","0.056738066539828","0.0758798048791864","0","0.0663296172682047","0.0555863269475924","0.0741393264964976","0.0961517440021016","0.00215252847211424","0.0575087310197128","0.0388488107681303","-0.0237778633043212","0","0.0969963439190425","0.0932447679670477","0.0827344612166758","0","0","0.087936189188039","0.0412268293403957","0.0596609326003156","0.0987499012609906","0.0019505309986609","0.0663197652993515","0"
